[
  {
    "Title": "Little Big Man",
    "Genre": "Western",
    "Duration": "01:58:00",
    "Rating": 28,
    "Director": "Duffie Abrahamson"
  },
  {
    "Title": "Gui Si (Silk)",
    "Genre": "Drama",
    "Duration": "02:21:00",
    "Rating": 9,
    "Director": "Perl Swyne"
  },
  {
    "Title": "F",
    "Genre": "Drama",
    "Duration": "01:08:00",
    "Rating": 2,
    "Director": "Emiline Newby"
  },
  {
    "Title": "F/X2 (a.k.a. F/X 2 - The Deadly Art of Illusion)",
    "Genre": "Action",
    "Duration": "01:57:00",
    "Rating": 7,
    "Director": "Sheppard Cescoti"
  },
  {
    "Title": "Prey, The (La proie)",
    "Genre": "Action",
    "Duration": "02:08:00",
    "Rating": 5,
    "Director": "Israel Sircomb"
  },
  {
    "Title": "SIS",
    "Genre": "Action",
    "Duration": "02:14:00",
    "Rating": 10,
    "Director": "Tuesday Scothern"
  },
  {
    "Title": "Star Trek V: The Final Frontier",
    "Genre": "Action",
    "Duration": "02:29:00",
    "Rating": 5,
    "Director": "Eben McQuilkin"
  },
  {
    "Title": "Invasion U.S.A.",
    "Genre": "Action",
    "Duration": "01:31:00",
    "Rating": -1,
    "Director": "Humphrey Anthona"
  },
  {
    "Title": "Moog",
    "Genre": "Musical",
    "Duration": "01:06:00",
    "Rating": 4,
    "Director": "Wash Couth"
  },
  {
    "Title": "Bickford Shmeckler's Cool Ideas",
    "Genre": "Romance",
    "Duration": "02:55:00",
    "Rating": 1,
    "Director": "Alecia Elcom"
  },
  {
    "Title": "Free Willy",
    "Genre": "Drama",
    "Duration": "02:51:00",
    "Rating": 1,
    "Director": "Sheree Lindenman"
  },
  {
    "Title": "Ricky Gervais Live 2: Politics",
    "Genre": "Comedy",
    "Duration": "02:46:00",
    "Rating": 9,
    "Director": "Elnar Dulanty"
  },
  {
    "Title": "Franklyn",
    "Genre": "Romance",
    "Duration": "03:00:00",
    "Rating": 12,
    "Director": "Dannie Shingler"
  },
  {
    "Title": "Ride Along",
    "Genre": "Action",
    "Duration": "02:18:00",
    "Rating": 7,
    "Director": "A"
  },
  {
    "Title": "T.N.T.",
    "Genre": "Action",
    "Duration": "02:14:00",
    "Rating": 8,
    "Director": "Inesita MacGlory"
  },
  {
    "Title": "Stewart Lee: If You Prefer a Milder Comedian, Please Ask for One",
    "Genre": "Comedy",
    "Duration": "02:17:00",
    "Rating": 2,
    "Director": "Benoit Birckmann"
  },
  {
    "Title": "Host, The (Gwoemul)",
    "Genre": "Comedy",
    "Duration": "01:00:00",
    "Rating": 9,
    "Director": "Harmonia Gannon"
  },
  {
    "Title": "Shaggy D.A., The",
    "Genre": "Children",
    "Duration": "01:25:00",
    "Rating": 5,
    "Director": "Tallia Siveyer"
  },
  {
    "Title": "Silent Partner, The",
    "Genre": "Crime",
    "Duration": "02:20:00",
    "Rating": 7,
    "Director": "Cally Beals"
  },
  {
    "Title": "Hidden Assassin (Shooter, The)",
    "Genre": "Crime",
    "Duration": "02:43:00",
    "Rating": 10,
    "Director": "Milissent Rivitt"
  },
  {
    "Title": "Best Worst Movie",
    "Genre": "Documentary",
    "Duration": "02:59:00",
    "Rating": 3,
    "Director": "Hamel Della Scala"
  },
  {
    "Title": "Sorcerer",
    "Genre": "Action",
    "Duration": "02:42:00",
    "Rating": 6,
    "Director": "Clifford Ramelet"
  },
  {
    "Title": "Cheers for Miss Bishop",
    "Genre": "Drama",
    "Duration": "01:03:00",
    "Rating": 7,
    "Director": "Christopher Congram"
  },
  {
    "Title": "White Man's Burden",
    "Genre": "Drama",
    "Duration": "02:02:00",
    "Rating": 7,
    "Director": "Joannes Alekseev"
  },
  {
    "Title": "Stroker Ace",
    "Genre": "Action",
    "Duration": "01:55:00",
    "Rating": 3,
    "Director": "Inessa Mertsching"
  },
  {
    "Title": "One Day",
    "Genre": "Drama",
    "Duration": "01:02:00",
    "Rating": 3,
    "Director": "Marcelle Huggett"
  },
  {
    "Title": "My Friend Irma Goes West",
    "Genre": "Comedy",
    "Duration": "02:44:00",
    "Rating": 4,
    "Director": "Cale Wycherley"
  },
  {
    "Title": "Trojan Eddie",
    "Genre": "Crime",
    "Duration": "02:57:00",
    "Rating": 5,
    "Director": "Mark Frany"
  },
  {
    "Title": "Children of Leningradsky, The",
    "Genre": "Documentary",
    "Duration": "01:49:00",
    "Rating": 7,
    "Director": "Petrina Cheyne"
  },
  {
    "Title": "Creator",
    "Genre": "Comedy",
    "Duration": "01:05:00",
    "Rating": 6,
    "Director": "Konstantine Kierans"
  },
  {
    "Title": "Swan Princess: Escape from Castle Mountain, The",
    "Genre": "Animation",
    "Duration": "02:13:00",
    "Rating": 3,
    "Director": "Stacee Vallis"
  },
  {
    "Title": "Living 'til the End",
    "Genre": "Drama",
    "Duration": "02:55:00",
    "Rating": 5,
    "Director": "Doralin Pray"
  },
  {
    "Title": "Cranford",
    "Genre": "Drama",
    "Duration": "02:24:00",
    "Rating": 2,
    "Director": "Avivah Westcot"
  },
  {
    "Title": "50 Children: The Rescue Mission of Mr. And Mrs. Kraus",
    "Genre": "Documentary",
    "Duration": "01:38:00",
    "Rating": 9,
    "Director": "Morse Cristofaro"
  },
  {
    "Title": "The Last of the Finest",
    "Genre": "Romance",
    "Duration": "01:49:00",
    "Rating": 6,
    "Director": "Neile Ney"
  },
  {
    "Title": "Glenn Killing p? Berns",
    "Genre": "Comedy",
    "Duration": "01:13:00",
    "Rating": 6,
    "Director": "Bud Dallan"
  },
  {
    "Title": "Absurdistan",
    "Genre": "Comedy",
    "Duration": "02:34:00",
    "Rating": 9,
    "Director": "Emelia Weagener"
  },
  {
    "Title": "Fahrenhype 9/11",
    "Genre": "Documentary",
    "Duration": "02:36:00",
    "Rating": 8,
    "Director": "Rayna Forsyth"
  },
  {
    "Title": "Gloriously Wasted",
    "Genre": "Comedy",
    "Duration": "01:16:00",
    "Rating": 5,
    "Director": "Shaughn Sattin"
  },
  {
    "Title": "Bill Hicks: Relentless",
    "Genre": "Comedy",
    "Duration": "02:33:00",
    "Rating": 10,
    "Director": "Sidney Clewlow"
  },
  {
    "Title": "SIS",
    "Genre": "Action",
    "Duration": "02:14:00",
    "Rating": 10,
    "Director": "Tuesday Scothern"
  }
]