[
  {
    "MovieName": "SIS",
    "Rating": "10.00",
    "TotalIncomes": "58.26",
    "Customers": [
      {
        "FirstName": "Ray",
        "LastName": "MacDearmid",
        "Balance": "77.69"
      },
      {
        "FirstName": "Ray",
        "LastName": "MacDearmid",
        "Balance": "77.69"
      },
      {
        "FirstName": "Garry",
        "LastName": "Blackeby",
        "Balance": "123.82"
      },
      {
        "FirstName": "Garry",
        "LastName": "Blackeby",
        "Balance": "123.82"
      },
      {
        "FirstName": "Garry",
        "LastName": "Blackeby",
        "Balance": "123.82"
      },
      {
        "FirstName": "Garry",
        "LastName": "Blackeby",
        "Balance": "123.82"
      }
    ]
  },
  {
    "MovieName": "Gui Si (Silk)",
    "Rating": "9.00",
    "TotalIncomes": "69.26",
    "Customers": [
      {
        "FirstName": "Rorie",
        "LastName": "La Torre",
        "Balance": "286.60"
      },
      {
        "FirstName": "Rorie",
        "LastName": "La Torre",
        "Balance": "286.60"
      },
      {
        "FirstName": "Tallulah",
        "LastName": "McVeighty",
        "Balance": "285.68"
      },
      {
        "FirstName": "Tallulah",
        "LastName": "McVeighty",
        "Balance": "285.68"
      },
      {
        "FirstName": "Base",
        "LastName": "Feander",
        "Balance": "213.94"
      },
      {
        "FirstName": "Base",
        "LastName": "Feander",
        "Balance": "213.94"
      },
      {
        "FirstName": "Glenna",
        "LastName": "Gibbs",
        "Balance": "113.31"
      }
    ]
  },
  {
    "MovieName": "Fahrenhype 9/11",
    "Rating": "8.00",
    "TotalIncomes": "58.26",
    "Customers": [
      {
        "FirstName": "Jermayne",
        "LastName": "Philimore",
        "Balance": "238.30"
      },
      {
        "FirstName": "Genia",
        "LastName": "Elsdon",
        "Balance": "224.29"
      },
      {
        "FirstName": "Genia",
        "LastName": "Elsdon",
        "Balance": "224.29"
      },
      {
        "FirstName": "Chanda",
        "LastName": "Fryer",
        "Balance": "133.24"
      },
      {
        "FirstName": "Taryn",
        "LastName": "Ripper",
        "Balance": "102.50"
      }
    ]
  },
  {
    "MovieName": "T.N.T.",
    "Rating": "8.00",
    "TotalIncomes": "23.13",
    "Customers": [
      {
        "FirstName": "Blinnie",
        "LastName": "Kundert",
        "Balance": "218.98"
      },
      {
        "FirstName": "Blinnie",
        "LastName": "Kundert",
        "Balance": "218.98"
      }
    ]
  },
  {
    "MovieName": "White Man's Burden",
    "Rating": "7.00",
    "TotalIncomes": "317.82",
    "Customers": [
      {
        "FirstName": "Duff",
        "LastName": "Honig",
        "Balance": "82.17"
      },
      {
        "FirstName": "Duff",
        "LastName": "Honig",
        "Balance": "82.17"
      },
      {
        "FirstName": "Duff",
        "LastName": "Honig",
        "Balance": "82.17"
      },
      {
        "FirstName": "Etty",
        "LastName": "Stockow",
        "Balance": "372.02"
      },
      {
        "FirstName": "Etty",
        "LastName": "Stockow",
        "Balance": "372.02"
      },
      {
        "FirstName": "Etty",
        "LastName": "Stockow",
        "Balance": "372.02"
      },
      {
        "FirstName": "Evangelia",
        "LastName": "Faustian",
        "Balance": "28.90"
      },
      {
        "FirstName": "Evangelia",
        "LastName": "Faustian",
        "Balance": "28.90"
      },
      {
        "FirstName": "Evangelia",
        "LastName": "Faustian",
        "Balance": "28.90"
      },
      {
        "FirstName": "Janet",
        "LastName": "Matchett",
        "Balance": "23.50"
      },
      {
        "FirstName": "Janet",
        "LastName": "Matchett",
        "Balance": "23.50"
      },
      {
        "FirstName": "Jerrome",
        "LastName": "Pucknell",
        "Balance": "226.13"
      },
      {
        "FirstName": "Boris",
        "LastName": "Bennike",
        "Balance": "208.50"
      },
      {
        "FirstName": "Boris",
        "LastName": "Bennike",
        "Balance": "208.50"
      },
      {
        "FirstName": "Boris",
        "LastName": "Bennike",
        "Balance": "208.50"
      },
      {
        "FirstName": "Mercedes",
        "LastName": "Gertray",
        "Balance": "179.98"
      },
      {
        "FirstName": "Mercedes",
        "LastName": "Gertray",
        "Balance": "179.98"
      },
      {
        "FirstName": "Caralie",
        "LastName": "Longthorn",
        "Balance": "169.18"
      },
      {
        "FirstName": "Caralie",
        "LastName": "Longthorn",
        "Balance": "169.18"
      },
      {
        "FirstName": "Belinda",
        "LastName": "Fraanchyonok",
        "Balance": "14.69"
      },
      {
        "FirstName": "Belinda",
        "LastName": "Fraanchyonok",
        "Balance": "14.69"
      },
      {
        "FirstName": "Belinda",
        "LastName": "Fraanchyonok",
        "Balance": "14.69"
      },
      {
        "FirstName": "Merle",
        "LastName": "Pinnell",
        "Balance": "133.05"
      },
      {
        "FirstName": "Merle",
        "LastName": "Pinnell",
        "Balance": "133.05"
      },
      {
        "FirstName": "Zack",
        "LastName": "Sellers",
        "Balance": "125.27"
      },
      {
        "FirstName": "Zack",
        "LastName": "Sellers",
        "Balance": "125.27"
      },
      {
        "FirstName": "Celestine",
        "LastName": "Skells",
        "Balance": "120.33"
      },
      {
        "FirstName": "Celestine",
        "LastName": "Skells",
        "Balance": "120.33"
      },
      {
        "FirstName": "Arluene",
        "LastName": "Farman",
        "Balance": "118.33"
      },
      {
        "FirstName": "Queenie",
        "LastName": "Schroeder",
        "Balance": "102.12"
      },
      {
        "FirstName": "Queenie",
        "LastName": "Schroeder",
        "Balance": "102.12"
      }
    ]
  },
  {
    "MovieName": "Silent Partner, The",
    "Rating": "7.00",
    "TotalIncomes": "62.26",
    "Customers": [
      {
        "FirstName": "Hyatt",
        "LastName": "Lorking",
        "Balance": "373.22"
      },
      {
        "FirstName": "Hyatt",
        "LastName": "Lorking",
        "Balance": "373.22"
      },
      {
        "FirstName": "Corrinne",
        "LastName": "Von Oertzen",
        "Balance": "138.94"
      },
      {
        "FirstName": "Corrinne",
        "LastName": "Von Oertzen",
        "Balance": "138.94"
      },
      {
        "FirstName": "Jena",
        "LastName": "Baudinelli",
        "Balance": "106.13"
      }
    ]
  },
  {
    "MovieName": "Sorcerer",
    "Rating": "6.00",
    "TotalIncomes": "210.04",
    "Customers": [
      {
        "FirstName": "Marty",
        "LastName": "Arson",
        "Balance": "94.16"
      },
      {
        "FirstName": "Alex",
        "LastName": "Petriello",
        "Balance": "8.28"
      },
      {
        "FirstName": "Alex",
        "LastName": "Petriello",
        "Balance": "8.28"
      },
      {
        "FirstName": "Kalle",
        "LastName": "Beneze",
        "Balance": "69.26"
      },
      {
        "FirstName": "Kalle",
        "LastName": "Beneze",
        "Balance": "69.26"
      },
      {
        "FirstName": "Sheela",
        "LastName": "Ewenson",
        "Balance": "299.20"
      },
      {
        "FirstName": "Sheela",
        "LastName": "Ewenson",
        "Balance": "299.20"
      },
      {
        "FirstName": "Sheela",
        "LastName": "Ewenson",
        "Balance": "299.20"
      },
      {
        "FirstName": "Halette",
        "LastName": "Lubeck",
        "Balance": "237.85"
      },
      {
        "FirstName": "Halette",
        "LastName": "Lubeck",
        "Balance": "237.85"
      },
      {
        "FirstName": "Cornall",
        "LastName": "Winborn",
        "Balance": "221.08"
      },
      {
        "FirstName": "Lloyd",
        "LastName": "Guerrieri",
        "Balance": "220.23"
      },
      {
        "FirstName": "Lloyd",
        "LastName": "Guerrieri",
        "Balance": "220.23"
      },
      {
        "FirstName": "Henrie",
        "LastName": "Jurges",
        "Balance": "170.21"
      },
      {
        "FirstName": "Henrie",
        "LastName": "Jurges",
        "Balance": "170.21"
      },
      {
        "FirstName": "Henrie",
        "LastName": "Jurges",
        "Balance": "170.21"
      },
      {
        "FirstName": "Henrie",
        "LastName": "Jurges",
        "Balance": "170.21"
      },
      {
        "FirstName": "Elly",
        "LastName": "Pittson",
        "Balance": "14.73"
      },
      {
        "FirstName": "Elly",
        "LastName": "Pittson",
        "Balance": "14.73"
      },
      {
        "FirstName": "Elly",
        "LastName": "Pittson",
        "Balance": "14.73"
      }
    ]
  },
  {
    "MovieName": "Creator",
    "Rating": "6.00",
    "TotalIncomes": "36.26",
    "Customers": [
      {
        "FirstName": "Rhoda",
        "LastName": "Haysom",
        "Balance": "296.44"
      },
      {
        "FirstName": "Allayne",
        "LastName": "Yankishin",
        "Balance": "125.25"
      },
      {
        "FirstName": "Allayne",
        "LastName": "Yankishin",
        "Balance": "125.25"
      },
      {
        "FirstName": "Allayne",
        "LastName": "Yankishin",
        "Balance": "125.25"
      }
    ]
  },
  {
    "MovieName": "Trojan Eddie",
    "Rating": "5.00",
    "TotalIncomes": "161.65",
    "Customers": [
      {
        "FirstName": "Chuck",
        "LastName": "Udall",
        "Balance": "94.09"
      },
      {
        "FirstName": "Whit",
        "LastName": "Bidwell",
        "Balance": "83.20"
      },
      {
        "FirstName": "Whit",
        "LastName": "Bidwell",
        "Balance": "83.20"
      },
      {
        "FirstName": "Artemus",
        "LastName": "Legate",
        "Balance": "38.71"
      },
      {
        "FirstName": "Artemus",
        "LastName": "Legate",
        "Balance": "38.71"
      },
      {
        "FirstName": "Marje",
        "LastName": "Boutflour",
        "Balance": "371.21"
      },
      {
        "FirstName": "Gretna",
        "LastName": "Bellham",
        "Balance": "299.37"
      },
      {
        "FirstName": "Gretna",
        "LastName": "Bellham",
        "Balance": "299.37"
      },
      {
        "FirstName": "Doe",
        "LastName": "Westbrook",
        "Balance": "266.80"
      },
      {
        "FirstName": "Ofilia",
        "LastName": "Binford",
        "Balance": "237.20"
      },
      {
        "FirstName": "Mariejeanne",
        "LastName": "Varden",
        "Balance": "229.88"
      },
      {
        "FirstName": "Mariejeanne",
        "LastName": "Varden",
        "Balance": "229.88"
      },
      {
        "FirstName": "Kimberlee",
        "LastName": "Johnston",
        "Balance": "211.86"
      },
      {
        "FirstName": "Denny",
        "LastName": "Plaice",
        "Balance": "180.73"
      }
    ]
  },
  {
    "MovieName": "Gloriously Wasted",
    "Rating": "5.00",
    "TotalIncomes": "112.26",
    "Customers": [
      {
        "FirstName": "Liane",
        "LastName": "Caherny",
        "Balance": "59.87"
      },
      {
        "FirstName": "Liane",
        "LastName": "Caherny",
        "Balance": "59.87"
      },
      {
        "FirstName": "Garreth",
        "LastName": "Leys",
        "Balance": "221.91"
      },
      {
        "FirstName": "Garreth",
        "LastName": "Leys",
        "Balance": "221.91"
      },
      {
        "FirstName": "Mackenzie",
        "LastName": "Saddleton",
        "Balance": "209.98"
      },
      {
        "FirstName": "Eula",
        "LastName": "Bettlestone",
        "Balance": "166.13"
      },
      {
        "FirstName": "Eula",
        "LastName": "Bettlestone",
        "Balance": "166.13"
      },
      {
        "FirstName": "Tibold",
        "LastName": "Briztman",
        "Balance": "125.66"
      },
      {
        "FirstName": "Tibold",
        "LastName": "Briztman",
        "Balance": "125.66"
      },
      {
        "FirstName": "Tibold",
        "LastName": "Briztman",
        "Balance": "125.66"
      }
    ]
  }
]