<?xml version="1.0" encoding="utf-16"?>
<Customers>
  <Customer FirstName="Marjy" LastName="Starbeck">
    <SpentMoney>82.65</SpentMoney>
    <SpentTime>12:10:00</SpentTime>
  </Customer>
  <Customer FirstName="Jerrie" LastName="O\'Carroll">
    <SpentMoney>67.13</SpentMoney>
    <SpentTime>13:20:00</SpentTime>
  </Customer>
  <Customer FirstName="Randi" LastName="Ferraraccio">
    <SpentMoney>63.39</SpentMoney>
    <SpentTime>06:36:00</SpentTime>
  </Customer>
  <Customer FirstName="Duff" LastName="Honig">
    <SpentMoney>59.65</SpentMoney>
    <SpentTime>13:18:00</SpentTime>
  </Customer>
  <Customer FirstName="Henrie" LastName="Jurges">
    <SpentMoney>53.13</SpentMoney>
    <SpentTime>13:12:00</SpentTime>
  </Customer>
  <Customer FirstName="Bruno" LastName="Doone">
    <SpentMoney>45.13</SpentMoney>
    <SpentTime>07:40:00</SpentTime>
  </Customer>
  <Customer FirstName="Garry" LastName="Blackeby">
    <SpentMoney>42.13</SpentMoney>
    <SpentTime>08:56:00</SpentTime>
  </Customer>
  <Customer FirstName="Bondy" LastName="Linsay">
    <SpentMoney>39.26</SpentMoney>
    <SpentTime>09:36:00</SpentTime>
  </Customer>
  <Customer FirstName="Tibold" LastName="Briztman">
    <SpentMoney>34.13</SpentMoney>
    <SpentTime>03:48:00</SpentTime>
  </Customer>
  <Customer FirstName="Belinda" LastName="Fraanchyonok">
    <SpentMoney>34.13</SpentMoney>
    <SpentTime>06:06:00</SpentTime>
  </Customer>
</Customers>